                  epoch,         train/box_loss,         train/cls_loss,         train/dfl_loss,   metrics/precision(B),      metrics/recall(B),       metrics/mAP50(B),    metrics/mAP50-95(B),           val/box_loss,           val/cls_loss,           val/dfl_loss,                 lr/pg0,                 lr/pg1,                 lr/pg2
                      1,                 1.1731,                 3.7044,                 1.1512,                 0.0068,                0.63636,                0.06288,                0.04921,                0.72091,                 3.4254,                0.99426,              4.287e-05,              4.287e-05,              4.287e-05
                      2,                 1.0835,                 3.6063,                 1.1214,                0.01003,                0.90909,                0.26959,                0.21267,                0.56759,                 3.2889,                0.89002,             9.9782e-05,             9.9782e-05,             9.9782e-05
                      3,                0.89862,                 3.0486,                 1.0193,                0.01021,                      1,                0.36609,                0.25111,                0.51524,                 3.1206,                0.83567,             0.00015641,             0.00015641,             0.00015641
                      4,                0.84618,                 2.0775,                0.97012,                0.88646,                0.21212,                0.59516,                0.39641,                0.55936,                 2.8414,                 0.8223,             0.00021276,             0.00021276,             0.00021276
                      5,                 0.8633,                 1.7377,                0.96305,                0.96107,                0.23004,                0.59403,                0.43347,                0.55217,                  2.722,                0.82998,             0.00026882,             0.00026882,             0.00026882
                      6,                0.79362,                 1.4948,                0.93368,                0.99312,                0.33333,                0.70175,                0.47595,                0.56083,                 2.6017,                0.83595,              0.0003246,              0.0003246,              0.0003246
                      7,                0.77917,                 1.4639,                  0.971,                      1,                0.26379,                0.77094,                0.53624,                0.56962,                  2.529,                0.81934,              0.0003801,              0.0003801,              0.0003801
                      8,                0.73594,                 1.3423,                0.93947,                      1,                0.22636,                0.79365,                0.58478,                0.54948,                 2.5603,                0.81748,             0.00043532,             0.00043532,             0.00043532
                      9,                0.73836,                 1.2318,                0.92565,                      1,                 0.4023,                0.76967,                 0.5626,                0.67271,                 2.6656,                 0.8402,             0.00049025,             0.00049025,             0.00049025
                     10,                0.70139,                 1.1083,                0.91955,                      1,                0.12946,                0.77007,                0.54928,                  0.638,                 2.7372,                0.84656,              0.0005449,              0.0005449,              0.0005449
                     11,                0.66878,                0.97708,                0.89822,                      1,                0.18874,                 0.7663,                0.57472,                0.62203,                 2.6947,                0.85417,             0.00059926,             0.00059926,             0.00059926
                     12,                0.68309,                0.92593,                  0.937,                      1,                0.17616,                0.74572,                0.55408,                0.63609,                 2.7244,                0.88859,             0.00065334,             0.00065334,             0.00065334
                     13,                0.71607,                0.92917,                0.93304,                      1,                 0.1513,                0.76353,                 0.5855,                0.61479,                  2.746,                0.87061,             0.00070714,             0.00070714,             0.00070714
                     14,                0.78142,                 1.0139,                0.97239,                      1,                0.15113,                0.71033,                0.56411,                0.64542,                 2.7659,                0.87668,             0.00076066,             0.00076066,             0.00076066
                     15,                0.67805,                0.97171,                0.94266,                      1,                0.21285,                0.88668,                0.64717,                0.71414,                  2.657,                0.94368,              0.0008139,              0.0008139,              0.0008139
                     16,                0.71683,                 0.9135,                0.94177,                      1,                0.30985,                0.89822,                0.69951,                0.69465,                 2.4766,                0.93606,             0.00086685,             0.00086685,             0.00086685
                     17,                0.65806,                0.86314,                0.90491,                      1,                0.43126,                0.91708,                0.73753,                0.62614,                 2.3374,                0.91165,             0.00091952,             0.00091952,             0.00091952
                     18,                0.72365,                0.94749,                0.95038,                      1,                0.14707,                0.95886,                0.74538,                0.66721,                 2.4647,                0.93754,              0.0009719,              0.0009719,              0.0009719
                     19,                0.77004,                0.91975,                0.99144,                      1,                0.29325,                0.95702,                0.74397,                0.68423,                 2.4491,                0.95405,               0.001024,               0.001024,               0.001024
                     20,                0.66265,                0.83209,                 0.9137,                0.94613,                0.81924,                0.95089,                0.75821,                0.70341,                 2.0966,                 1.0086,              0.0010758,              0.0010758,              0.0010758
                     21,                 0.6907,                0.86334,                0.91612,                0.88109,                0.71939,                0.93878,                 0.6983,                0.80105,                 2.0459,                   1.06,              0.0011274,              0.0011274,              0.0011274
                     22,                0.70293,                0.92365,                0.95345,                0.90312,                0.75751,                0.94467,                0.63867,                 0.8271,                 2.0564,                 1.1119,              0.0011786,              0.0011786,              0.0011786
                     23,                 0.7011,                 0.8098,                0.95661,                0.86747,                0.76393,                0.88056,                0.57798,                0.90994,                  2.088,                 1.2484,              0.0012296,              0.0012296,              0.0012296
                     24,                0.66679,                0.80827,                0.91806,                0.85477,                 0.6994,                0.84965,                0.58251,                0.92355,                  2.026,                 1.2595,              0.0012803,              0.0012803,              0.0012803
                     25,                0.69229,                0.83839,                0.91443,                0.94693,                0.81888,                0.96186,                0.62674,                0.87025,                 1.6319,                 1.1606,              0.0013307,              0.0013307,              0.0013307
                     26,                0.67896,                0.77729,                0.90649,                0.94119,                0.88873,                0.96019,                0.67991,                0.87108,                 1.3825,                 1.1431,              0.0013406,              0.0013406,              0.0013406
                     27,                0.69879,                0.83506,                0.93395,                0.83567,                0.89555,                0.93863,                0.69889,                0.80823,                 1.2744,                 1.0891,              0.0013406,              0.0013406,              0.0013406
                     28,                0.64729,                0.78564,                0.91641,                0.83198,                0.90278,                0.95346,                0.73584,                0.73347,                 1.2644,                 1.0165,               0.001337,               0.001337,               0.001337
                     29,                 0.6179,                0.77387,                0.90673,                0.88068,                0.91694,                 0.9775,                0.79704,                0.64657,                 1.2182,                0.96421,              0.0013335,              0.0013335,              0.0013335
                     30,                0.60749,                0.77054,                0.88694,                0.91924,                      1,                  0.995,                0.82149,                0.62655,                 1.0684,                0.94733,                0.00133,                0.00133,                0.00133
                     31,                0.58353,                0.75232,                0.92014,                0.90352,                0.97778,                 0.9825,                0.79039,                 0.6457,                0.97236,                0.98225,              0.0013264,              0.0013264,              0.0013264
                     32,                0.60219,                0.72676,                0.89365,                0.81329,                0.98614,                0.94049,                0.70717,                0.81304,                0.96965,                 1.0825,              0.0013229,              0.0013229,              0.0013229
                     33,                0.65414,                0.73178,                 0.8975,                0.83344,                  0.892,                0.92879,                0.70648,                0.87053,                0.94882,                 1.1171,              0.0013194,              0.0013194,              0.0013194
                     34,                0.63277,                 0.7042,                0.91999,                 0.8734,                0.88709,                0.94764,                0.70922,                0.83827,                0.95337,                 1.1067,              0.0013158,              0.0013158,              0.0013158
                     35,                0.59146,                0.68882,                0.88709,                0.90427,                0.93388,                0.97205,                0.76356,                 0.7357,                 0.9328,                 1.0386,              0.0013123,              0.0013123,              0.0013123
                     36,                0.55237,                0.66052,                0.88772,                0.95288,                0.90339,                0.97375,                0.79835,                0.65347,                0.87748,                0.99333,              0.0013087,              0.0013087,              0.0013087
                     37,                0.59039,                0.70876,                0.89561,                0.91282,                0.93551,                0.94686,                0.75686,                 0.6562,                0.89182,                0.97935,              0.0013052,              0.0013052,              0.0013052
                     38,                0.59588,                0.68845,                0.91465,                0.93155,                0.95578,                 0.9485,                0.74764,                0.66683,                 1.0401,                 0.9828,              0.0013017,              0.0013017,              0.0013017
                     39,                0.56805,                 0.6625,                0.87046,                0.95743,                0.94542,                0.96549,                 0.7859,                0.63949,                 1.0478,                0.97856,              0.0012981,              0.0012981,              0.0012981
                     40,                0.53359,                0.63565,                0.88019,                0.93734,                0.91491,                0.95972,                 0.7964,                0.62753,                0.97761,                 0.9713,              0.0012946,              0.0012946,              0.0012946
                     41,                0.54828,                0.65539,                0.88498,                0.94666,                0.93939,                0.96325,                0.77299,                0.64582,                0.89109,                0.97398,              0.0012911,              0.0012911,              0.0012911
                     42,                0.52163,                0.60642,                 0.8685,                0.92586,                0.92987,                0.95975,                0.77336,                0.64584,                0.81005,                0.98176,              0.0012875,              0.0012875,              0.0012875
                     43,                0.53748,                 0.6248,                0.86502,                0.97837,                0.93721,                0.97365,                0.79396,                0.64468,                0.75518,                0.98093,               0.001284,               0.001284,               0.001284
                     44,                0.56454,                0.63283,                0.88597,                0.97343,                0.95741,                0.97935,                0.82571,                0.58597,                0.73646,                0.93821,              0.0012805,              0.0012805,              0.0012805
                     45,                0.53573,                0.63917,                0.88635,                0.96815,                0.96155,                0.99038,                0.81664,                0.58306,                0.73067,                0.91654,              0.0012769,              0.0012769,              0.0012769
                     46,                 0.5753,                0.61615,                0.86805,                0.92769,                 0.9697,                0.97722,                0.80879,                0.59943,                0.73986,                0.92638,              0.0012734,              0.0012734,              0.0012734
                     47,                0.59375,                0.66818,                0.91806,                0.94195,                0.92766,                0.97305,                0.81933,                0.58772,                0.72234,                0.93201,              0.0012698,              0.0012698,              0.0012698
                     48,                0.57019,                 0.6342,                 0.8948,                0.95649,                 0.9157,                0.96787,                0.81401,                0.58119,                 0.6946,                0.91586,              0.0012663,              0.0012663,              0.0012663
                     49,                0.55095,                0.61862,                0.88543,                0.95763,                0.92587,                0.97875,                0.84543,                0.56388,                0.67294,                0.90019,              0.0012628,              0.0012628,              0.0012628
                     50,                0.57244,                0.63569,                0.91498,                0.96806,                 0.9179,                0.99038,                0.84074,                 0.5745,                0.67942,                 0.8943,              0.0012592,              0.0012592,              0.0012592
                     51,                0.54632,                 0.5787,                0.87438,                 0.9366,                 0.9697,                 0.9925,                0.84804,                0.54803,                 0.6618,                0.88965,              0.0012557,              0.0012557,              0.0012557
                     52,                0.50074,                0.57972,                0.86633,                0.97405,                0.93165,                0.98766,                0.84209,                0.55683,                0.64958,                0.89533,              0.0012522,              0.0012522,              0.0012522
                     53,                0.50869,                0.56119,                0.87069,                0.93932,                 0.9697,                 0.9822,                0.83065,                0.57414,                0.62127,                0.90729,              0.0012486,              0.0012486,              0.0012486
                     54,                0.54536,                 0.5891,                 0.8908,                0.94047,                0.93939,                0.97105,                0.84737,                0.59985,                0.61122,                0.93929,              0.0012451,              0.0012451,              0.0012451
                     55,                0.52193,                0.55849,                 0.8625,                0.97445,                0.90909,                0.96301,                0.84561,                0.59341,                0.65683,                0.92819,              0.0012416,              0.0012416,              0.0012416
                     56,                0.54167,                0.57614,                 0.8879,                0.93419,                0.93292,                0.96379,                0.83981,                0.56816,                0.63897,                0.92302,               0.001238,               0.001238,               0.001238
                     57,                0.52365,                0.58973,                0.90121,                0.92229,                0.96368,                0.97882,                0.85946,                0.58419,                0.60119,                0.94399,              0.0012345,              0.0012345,              0.0012345
                     58,                 0.5211,                0.56761,                0.88021,                0.94112,                0.94346,                 0.9822,                0.84417,                0.59439,                0.59984,                0.95821,              0.0012309,              0.0012309,              0.0012309
                     59,                 0.5039,                0.55104,                0.86261,                  0.931,                0.96679,                 0.9797,                0.86438,                0.59239,                 0.6161,                0.94853,              0.0012274,              0.0012274,              0.0012274
                     60,                0.50351,                0.58337,                0.87208,                0.96105,                0.96166,                0.98288,                0.85264,                0.57862,                0.59124,                0.94206,              0.0012239,              0.0012239,              0.0012239
                     61,                0.50412,                 0.5778,                0.86289,                0.94877,                0.96689,                  0.987,                0.83718,                0.57967,                0.60072,                0.94404,              0.0012203,              0.0012203,              0.0012203
                     62,                0.52249,                0.56259,                0.89199,                0.88727,                 0.9697,                 0.9829,                0.83748,                0.57434,                0.61679,                0.94183,              0.0012168,              0.0012168,              0.0012168
                     63,                0.51348,                0.55316,                0.88605,                0.91235,                0.99491,                0.98584,                0.83607,                0.58251,                0.65839,                0.93098,              0.0012133,              0.0012133,              0.0012133
                     64,                0.48146,                0.57237,                0.88598,                0.90434,                0.99223,                0.98857,                0.84816,                0.56047,                0.65933,                0.92208,              0.0012097,              0.0012097,              0.0012097
                     65,                0.47668,                0.53289,                0.85992,                0.89973,                0.99372,                0.98516,                0.85183,                0.52716,                0.60565,                0.91246,              0.0012062,              0.0012062,              0.0012062
                     66,                0.48737,                0.53474,                0.85912,                0.89799,                0.99992,                0.97827,                0.84518,                0.53399,                0.57311,                0.92286,              0.0012026,              0.0012026,              0.0012026
                     67,                0.46173,                0.51795,                 0.8605,                 0.8955,                0.99707,                0.97477,                0.82276,                0.55222,                0.57068,                0.95159,              0.0011991,              0.0011991,              0.0011991
                     68,                0.47297,                0.50536,                0.87573,                0.89021,                 0.9697,                0.97062,                  0.833,                0.52629,                0.56811,                0.96324,              0.0011956,              0.0011956,              0.0011956
                     69,                0.46434,                0.49691,                0.85197,                0.98106,                0.93367,                0.98577,                0.83973,                0.53422,                0.57941,                0.95381,               0.001192,               0.001192,               0.001192
                     70,                0.44859,                0.49645,                0.86098,                0.98581,                0.90909,                0.98277,                0.84565,                0.52399,                0.57029,                0.93106,              0.0011885,              0.0011885,              0.0011885
                     71,                0.50995,                0.52306,                0.88642,                0.98394,                0.90909,                  0.976,                0.82929,                0.53846,                0.59423,                0.92804,               0.001185,               0.001185,               0.001185
                     72,                0.47297,                0.50015,                0.85146,                0.94872,                0.87879,                0.96125,                0.81994,                0.55323,                 0.6545,                0.91982,              0.0011814,              0.0011814,              0.0011814
                     73,                0.49526,                0.51322,                0.87244,                 0.9427,                0.87879,                0.95992,                0.81739,                0.53443,                0.66531,                0.91589,              0.0011779,              0.0011779,              0.0011779
                     74,                0.47696,                0.49938,                0.85146,                0.93762,                 0.8788,                0.95871,                0.83655,                 0.5239,                0.64439,                0.90985,              0.0011744,              0.0011744,              0.0011744
                     75,                0.50445,                0.50337,                0.88379,                0.87564,                0.92607,                0.94969,                0.80573,                 0.5276,                0.62156,                 0.9106,              0.0011708,              0.0011708,              0.0011708
                     76,                0.49059,                0.48959,                0.85978,                0.97392,                0.87879,                0.95077,                0.80624,                0.57193,                0.61325,                0.92186,              0.0011673,              0.0011673,              0.0011673
                     77,                0.48725,                0.50636,                0.86215,                0.95247,                 0.9055,                0.95374,                0.81589,                0.57252,                0.59846,                0.92407,              0.0011637,              0.0011637,              0.0011637
                     78,                0.50855,                0.50397,                0.86492,                0.95322,                 0.9306,                0.96143,                 0.8477,                 0.5216,                0.60663,                0.90212,              0.0011602,              0.0011602,              0.0011602
                     79,                0.55113,                0.54601,                0.90522,                  0.959,                0.95924,                 0.9822,                0.84077,                0.53053,                0.56518,                0.89691,              0.0011567,              0.0011567,              0.0011567
                     80,                 0.5009,                0.49938,                0.85151,                0.96448,                 0.9697,                0.98563,                0.83704,                0.54965,                0.59627,                0.91601,              0.0011531,              0.0011531,              0.0011531
                     81,                0.46901,                0.48898,                0.85854,                0.95501,                 0.9697,                0.98427,                0.81924,                0.54163,                0.56293,                0.90795,              0.0011496,              0.0011496,              0.0011496
                     82,                0.44453,                0.47327,                0.85767,                0.95245,                 0.9697,                0.98584,                0.83399,                0.51962,                0.54841,                0.89943,              0.0011461,              0.0011461,              0.0011461
                     83,                0.44271,                  0.458,                0.85339,                0.95755,                0.93939,                0.98238,                 0.8332,                0.53781,                0.58452,                   0.91,              0.0011425,              0.0011425,              0.0011425
                     84,                0.42109,                0.45948,                0.84811,                0.94305,                0.90909,                0.95886,                0.81892,                 0.5571,                0.61921,                0.91197,               0.001139,               0.001139,               0.001139
                     85,                0.47441,                0.47176,                0.87235,                0.95064,                0.90909,                0.95937,                0.81967,                  0.557,                0.61436,                0.91892,              0.0011354,              0.0011354,              0.0011354
                     86,                0.45286,                0.48757,                0.85173,                0.93041,                0.93939,                0.96567,                0.81763,                0.55721,                0.59322,                0.91784,              0.0011319,              0.0011319,              0.0011319
                     87,                0.50298,                0.48669,                0.87265,                 0.9208,                0.93939,                0.96684,                0.83246,                0.56928,                0.58726,                0.92668,              0.0011284,              0.0011284,              0.0011284
                     88,                0.49841,                0.50243,                0.87843,                0.94299,                0.93939,                0.94249,                0.83667,                0.54492,                0.58592,                0.92506,              0.0011248,              0.0011248,              0.0011248
                     89,                0.42779,                0.48102,                0.84655,                0.93923,                0.93939,                0.93609,                0.83919,                0.54315,                0.56408,                0.93019,              0.0011213,              0.0011213,              0.0011213
                     90,                0.47125,                0.47826,                0.86738,                0.93694,                0.93939,                0.94836,                0.84471,                 0.5294,                0.53874,                0.92463,              0.0011178,              0.0011178,              0.0011178
                     91,                0.42839,                0.45693,                0.85134,                0.96468,                  0.962,                0.97198,                 0.8496,                0.56191,                0.53481,                0.91229,              0.0011142,              0.0011142,              0.0011142
                     92,                0.48626,                0.47938,                0.86907,                0.95856,                0.93752,                0.97009,                0.83422,                0.56816,                0.51283,                0.90586,              0.0011107,              0.0011107,              0.0011107
                     93,                0.49141,                 0.4628,                 0.8658,                 0.9359,                 0.9318,                  0.971,                0.84263,                0.53517,                0.54619,                0.90116,              0.0011072,              0.0011072,              0.0011072
                     94,                0.41619,                0.44414,                0.86514,                0.93206,                0.93293,                0.97374,                0.87242,                0.50942,                0.50875,                 0.8933,              0.0011036,              0.0011036,              0.0011036
                     95,                0.44101,                0.43944,                0.85539,                 0.9668,                0.95484,                 0.9845,                0.88401,                0.49164,                0.49114,                0.89201,              0.0011001,              0.0011001,              0.0011001
                     96,                0.45297,                0.44866,                0.85891,                0.92747,                0.96784,                0.98084,                0.87273,                0.50133,                0.47954,                0.89634,              0.0010965,              0.0010965,              0.0010965
                     97,                0.43104,                0.45004,                 0.8558,                0.91649,                      1,                  0.985,                0.87227,                0.51054,                0.47048,                 0.8974,               0.001093,               0.001093,               0.001093
                     98,                0.40753,                  0.431,                0.84418,                 0.9199,                      1,                 0.9825,                0.86701,                0.50124,                0.44792,                0.89147,              0.0010895,              0.0010895,              0.0010895
                     99,                 0.4378,                   0.43,                0.86285,                 0.9561,                0.97011,                   0.99,                 0.8675,                0.48898,                0.45581,                0.89067,              0.0010859,              0.0010859,              0.0010859
                    100,                0.41967,                0.42178,                0.83384,                0.92986,                      1,                 0.9875,                0.86126,                0.49301,                0.46175,                0.89073,              0.0010824,              0.0010824,              0.0010824
                    101,                0.42302,                0.42421,                0.85126,                 0.9298,                      1,                 0.9875,                 0.8696,                0.48355,                0.46626,                0.88556,              0.0010789,              0.0010789,              0.0010789
                    102,                0.45641,                0.44546,                0.86945,                0.92885,                0.97384,                  0.985,                0.88369,                0.47194,                0.44914,                0.87832,              0.0010753,              0.0010753,              0.0010753
                    103,                0.41235,                0.42259,                0.85236,                0.96318,                0.97108,                 0.9925,                0.87987,                 0.4984,                0.46253,                0.88636,              0.0010718,              0.0010718,              0.0010718
                    104,                0.43105,                0.43573,                0.85008,                0.94671,                 0.9697,                0.99038,                0.87908,                0.50302,                0.46291,                0.89096,              0.0010682,              0.0010682,              0.0010682
                    105,                0.44413,                0.43011,                0.84694,                0.92262,                0.96358,                0.98084,                 0.8742,                0.51568,                0.47054,                0.89863,              0.0010647,              0.0010647,              0.0010647
                    106,                0.41653,                0.43665,                0.85683,                0.92198,                 0.9585,                0.98084,                0.87629,                0.51897,                0.47321,                0.90807,              0.0010612,              0.0010612,              0.0010612
                    107,                0.38085,                0.40391,                 0.8474,                0.95238,                0.93939,                0.98101,                 0.8631,                 0.5334,                0.47814,                0.92441,              0.0010576,              0.0010576,              0.0010576
                    108,                 0.4338,                0.41858,                0.86344,                 0.9424,                0.91058,                0.98177,                0.85527,                  0.525,                0.47997,                0.91759,              0.0010541,              0.0010541,              0.0010541
                    109,                0.43882,                0.42665,                0.87216,                0.96256,                0.93285,                0.98516,                0.85871,                0.51162,                0.49907,                0.91524,              0.0010506,              0.0010506,              0.0010506
                    110,                0.42141,                0.42052,                0.85381,                0.93292,                0.96706,                0.97271,                0.87548,                0.51907,                0.48021,                0.90984,               0.001047,               0.001047,               0.001047
                    111,                0.41322,                0.41104,                0.85201,                0.93906,                 0.9398,                0.97547,                0.85368,                0.53887,                0.49824,                0.90904,              0.0010435,              0.0010435,              0.0010435
                    112,                 0.4271,                0.41855,                0.85112,                0.93575,                0.93939,                 0.9685,                0.85366,                0.56955,                0.49028,                0.94214,                0.00104,                0.00104,                0.00104
                    113,                0.42602,                0.42429,                0.85433,                0.93149,                0.94208,                0.97497,                0.85199,                0.55578,                 0.4553,                0.92646,              0.0010364,              0.0010364,              0.0010364
                    114,                0.40886,                0.41533,                0.84791,                0.96148,                0.91832,                   0.98,                0.86528,                0.54778,                0.44369,                0.91521,              0.0010329,              0.0010329,              0.0010329
                    115,                0.39512,                0.40083,                0.82211,                0.95708,                 0.9297,                0.97964,                 0.8583,                0.54912,                0.45845,                0.91316,              0.0010293,              0.0010293,              0.0010293
                    116,                 0.4005,                0.39819,                0.83985,                0.96345,                0.93939,                0.97987,                0.87061,                0.53012,                0.45711,                0.90475,              0.0010258,              0.0010258,              0.0010258
                    117,                0.44533,                0.41472,                0.85481,                0.99625,                0.96865,                 0.9925,                0.87266,                0.50385,                0.44743,                0.89331,              0.0010223,              0.0010223,              0.0010223
                    118,                0.40667,                0.40902,                0.84849,                 0.9683,                0.93939,                   0.99,                0.86801,                0.49576,                0.45574,                0.89022,              0.0010187,              0.0010187,              0.0010187
                    119,                0.41859,                0.41413,                0.84877,                0.95364,                0.87879,                 0.9695,                0.86208,                0.49493,                0.45858,                0.89242,              0.0010152,              0.0010152,              0.0010152
                    120,                0.42699,                0.41257,                0.84066,                0.92093,                0.94156,                0.95553,                0.84967,                0.49452,                0.46284,                0.90648,              0.0010117,              0.0010117,              0.0010117
                    121,                0.39912,                0.41181,                0.87317,                0.93658,                0.89343,                0.94878,                0.84799,                 0.5182,                0.47641,                0.92374,              0.0010081,              0.0010081,              0.0010081
                    122,                0.43888,                0.40224,                0.85591,                0.88795,                0.90909,                0.93734,                0.83486,                0.51173,                0.48768,                0.92715,              0.0010046,              0.0010046,              0.0010046
                    123,                0.40436,                0.40357,                 0.8492,                0.92082,                0.86158,                0.93126,                0.83404,                0.51372,                 0.4765,                0.92032,              0.0010011,              0.0010011,              0.0010011
                    124,                0.41885,                0.40413,                 0.8414,                0.93279,                0.90159,                0.93316,                0.83399,                0.51495,                0.49221,                0.91109,             0.00099751,             0.00099751,             0.00099751
                    125,                0.43773,                0.42471,                0.84787,                0.90696,                0.90824,                0.94427,                0.84483,                0.49733,                0.48261,                0.90919,             0.00099398,             0.00099398,             0.00099398
                    126,                0.43518,                0.41129,                0.85361,                0.90451,                0.93939,                0.94635,                0.85145,                0.47603,                0.47442,                 0.9034,             0.00099044,             0.00099044,             0.00099044
                    127,                0.41988,                0.40718,                0.83685,                0.90645,                0.96969,                0.94122,                0.82973,                0.48465,                0.46664,                0.89781,              0.0009869,              0.0009869,              0.0009869
                    128,                0.40477,                 0.3857,                0.83857,                0.94922,                0.93939,                0.94279,                 0.8441,                0.47036,                 0.4672,                0.89056,             0.00098337,             0.00098337,             0.00098337
                    129,                0.40684,                0.39537,                 0.8644,                0.92237,                0.93939,                0.95043,                0.86342,                0.46299,                0.46536,                0.88749,             0.00097983,             0.00097983,             0.00097983
                    130,                0.44185,                0.40628,                0.84539,                0.93132,                0.93939,                0.95102,                0.88154,                0.45347,                0.45533,                 0.8797,             0.00097629,             0.00097629,             0.00097629
                    131,                 0.3985,                0.39048,                 0.8528,                0.91242,                0.93939,                0.94837,                0.87498,                0.45244,                0.44613,                0.87731,             0.00097276,             0.00097276,             0.00097276
                    132,                0.42125,                0.39689,                0.85929,                0.90765,                0.93939,                0.94638,                0.86055,                 0.4517,                0.44876,                0.87856,             0.00096922,             0.00096922,             0.00096922
                    133,                0.41547,                0.40085,                0.87344,                0.93071,                 0.9697,                0.96817,                 0.8781,                0.45571,                0.41907,                0.88383,             0.00096568,             0.00096568,             0.00096568
                    134,                0.45437,                 0.4007,                0.86553,                0.93092,                0.96082,                0.97562,                0.86416,                0.44895,                0.42828,                0.87841,             0.00096215,             0.00096215,             0.00096215
                    135,                0.39081,                0.37715,                0.84231,                0.89505,                0.93939,                0.96779,                0.86199,                0.48612,                0.44282,                0.89655,             0.00095861,             0.00095861,             0.00095861
                    136,                0.38818,                0.37433,                0.84139,                0.91278,                 0.9697,                0.96917,                0.86178,                0.48055,                0.44304,                0.89127,             0.00095507,             0.00095507,             0.00095507
                    137,                0.40512,                0.40167,                0.84318,                0.92156,                      1,                0.98214,                0.87998,                0.45424,                0.42105,                 0.8764,             0.00095154,             0.00095154,             0.00095154
                    138,                0.41093,                0.38869,                0.84669,                0.92345,                      1,                0.98584,                0.87573,                0.46681,                0.42776,                0.88093,               0.000948,               0.000948,               0.000948
                    139,                0.38413,                0.38895,                0.86858,                0.91968,                0.98737,                0.99038,                0.88483,                0.48239,                0.43491,                0.88496,             0.00094446,             0.00094446,             0.00094446
                    140,                0.40085,                0.38403,                0.84181,                 0.9224,                0.99558,                  0.995,                0.89753,                0.47904,                0.42303,                0.88142,             0.00094093,             0.00094093,             0.00094093
                    141,                0.40017,                0.39243,                0.84275,                0.92652,                0.98321,                  0.995,                 0.9227,                0.44095,                0.39882,                0.86999,             0.00093739,             0.00093739,             0.00093739
                    142,                0.39932,                0.37673,                 0.8454,                0.93474,                      1,                  0.995,                0.92072,                0.43493,                0.40854,                0.86613,             0.00093385,             0.00093385,             0.00093385
                    143,                0.39853,                0.38539,                0.83427,                0.93701,                      1,                 0.9925,                0.90001,                0.44678,                0.40875,                0.86975,             0.00093031,             0.00093031,             0.00093031
                    144,                0.39001,                0.37845,                0.85836,                0.97802,                0.95584,                 0.9925,                0.89543,                0.44166,                0.38043,                0.87243,             0.00092678,             0.00092678,             0.00092678
                    145,                0.39807,                0.38174,                0.84282,                0.99573,                0.96192,                 0.9925,                0.89785,                0.44937,                0.36482,                0.87701,             0.00092324,             0.00092324,             0.00092324
                    146,                0.42513,                0.40124,                0.84689,                0.98658,                0.95267,                 0.9925,                0.89611,                0.46464,                0.38447,                0.88129,              0.0009197,              0.0009197,              0.0009197
                    147,                0.40587,                0.39518,                0.85448,                0.98059,                0.93751,                0.99038,                0.89777,                0.45566,                0.39737,                0.88314,             0.00091617,             0.00091617,             0.00091617
                    148,                0.38063,                0.36783,                0.84629,                0.97891,                0.93327,                0.99038,                0.87947,                0.46534,                0.40825,                0.89513,             0.00091263,             0.00091263,             0.00091263
                    149,                0.38732,                0.37448,                0.84779,                0.90999,                 0.9697,                0.98334,                0.87872,                0.47679,                0.41738,                0.89898,             0.00090909,             0.00090909,             0.00090909
                    150,                0.40218,                0.38622,                0.84484,                0.90997,                 0.9697,                0.97966,                0.86542,                0.50032,                0.43846,                0.91307,             0.00090556,             0.00090556,             0.00090556
                    151,                0.40899,                0.38196,                0.84355,                0.90417,                0.93939,                0.95287,                0.83921,                0.54355,                0.45219,                0.94005,             0.00090202,             0.00090202,             0.00090202
                    152,                0.42788,                0.39087,                0.87268,                0.93467,                 0.9697,                   0.96,                0.86886,                0.51443,                0.42604,                0.92957,             0.00089848,             0.00089848,             0.00089848
                    153,                0.41107,                0.39107,                0.86952,                0.95222,                      1,                   0.99,                0.87948,                0.47585,                 0.3948,                0.90895,             0.00089495,             0.00089495,             0.00089495
                    154,                0.39747,                0.37604,                0.85285,                 0.9427,                0.96189,                0.98766,                0.87476,                0.47232,                0.39139,                0.90015,             0.00089141,             0.00089141,             0.00089141
                    155,                0.37616,                0.36762,                0.84662,                0.92011,                0.93939,                 0.9513,                0.87528,                0.51487,                0.40252,                0.91387,             0.00088787,             0.00088787,             0.00088787
                    156,                0.40254,                 0.3822,                0.84938,                0.93259,                0.93939,                0.95222,                0.85703,                0.52327,                0.41609,                0.90407,             0.00088434,             0.00088434,             0.00088434
                    157,                0.41287,                0.37686,                0.83957,                0.92747,                0.93939,                0.95211,                 0.8583,                0.52504,                0.41441,                 0.9186,              0.0008808,              0.0008808,              0.0008808
                    158,                0.41467,                0.38082,                0.87415,                0.91637,                0.93939,                0.95218,                0.87146,                0.50632,                0.40854,                0.91622,             0.00087726,             0.00087726,             0.00087726
                    159,                0.37788,                0.35563,                0.84475,                0.92074,                0.93939,                0.95099,                0.86612,                0.54259,                0.42084,                0.93942,             0.00087373,             0.00087373,             0.00087373
                    160,                0.38851,                0.36335,                0.85258,                0.92664,                0.93939,                  0.942,                0.83561,                0.55067,                0.42312,                0.93351,             0.00087019,             0.00087019,             0.00087019
                    161,                0.36135,                0.34991,                0.85527,                0.92993,                0.93939,                 0.9384,                0.81065,                0.57595,                0.42507,                0.96513,             0.00086665,             0.00086665,             0.00086665
                    162,                0.38027,                0.34794,                0.84794,                0.93043,                0.93344,                0.93775,                0.80397,                0.55136,                 0.4427,                0.95778,             0.00086312,             0.00086312,             0.00086312
                    163,                0.40744,                0.36465,                0.87223,                0.92045,                0.88738,                0.92367,                0.83197,                0.50595,                0.45363,                0.93246,             0.00085958,             0.00085958,             0.00085958
                    164,                0.32901,                0.33801,                0.83183,                0.92645,                0.95584,                0.96918,                0.83633,                0.49929,                0.45291,                0.91962,             0.00085604,             0.00085604,             0.00085604
                    165,                0.39856,                0.35999,                0.84016,                0.93085,                0.93892,                0.95347,                0.82791,                0.49901,                0.46201,                0.91406,             0.00085251,             0.00085251,             0.00085251
                    166,                0.35373,                0.35437,                0.83369,                0.92519,                0.91682,                0.95906,                0.84648,                0.50265,                0.45166,                0.90934,             0.00084897,             0.00084897,             0.00084897
                    167,                0.36159,                0.34445,                0.82181,                0.95212,                0.90909,                 0.9687,                0.85958,                0.50855,                0.43042,                0.91874,             0.00084543,             0.00084543,             0.00084543
                    168,                0.37021,                 0.3558,                0.83898,                0.96357,                0.91303,                0.98237,                 0.8604,                0.50192,                0.41852,                 0.9119,              0.0008419,              0.0008419,              0.0008419
                    169,                0.35453,                 0.3533,                0.84732,                 0.9776,                 0.9131,                0.98333,                0.86027,                0.49647,                0.41116,                0.90461,             0.00083836,             0.00083836,             0.00083836
                    170,                0.39598,                0.36985,                0.83696,                0.97967,                0.91006,                0.98563,                0.86925,                0.48717,                0.42044,                0.89649,             0.00083482,             0.00083482,             0.00083482
                    171,                0.41904,                0.37229,                0.85333,                0.97742,                0.90623,                0.98563,                0.87903,                0.48796,                0.44596,                0.89632,             0.00083129,             0.00083129,             0.00083129
                    172,                0.39384,                 0.3645,                0.85546,                 0.9537,                0.95256,                0.98563,                0.86447,                0.50136,                0.44498,                0.90756,             0.00082775,             0.00082775,             0.00082775
                    173,                0.38113,                0.35735,                0.85351,                 0.9632,                0.97928,                 0.9925,                0.83859,                0.51404,                0.42809,                0.91219,             0.00082421,             0.00082421,             0.00082421
                    174,                0.38799,                0.34623,                 0.8539,                0.93243,                0.97582,                 0.9875,                0.84144,                0.53332,                0.43497,                0.92166,             0.00082067,             0.00082067,             0.00082067
                    175,                0.36836,                0.34406,                0.83478,                0.92285,                0.98292,                 0.9875,                0.84998,                0.53959,                0.43229,                0.93281,             0.00081714,             0.00081714,             0.00081714
                    176,                0.38137,                 0.3521,                0.83455,                0.92309,                 0.9847,                 0.9875,                0.84363,                0.52021,                0.42792,                0.92503,              0.0008136,              0.0008136,              0.0008136
                    177,                0.35374,                0.33321,                0.83653,                0.93301,                0.98233,                 0.9875,                0.84321,                0.51065,                0.41272,                 0.9216,             0.00081006,             0.00081006,             0.00081006
                    178,                0.37195,                0.33849,                0.84604,                0.93395,                0.98695,                 0.9875,                0.83334,                0.51207,                0.41923,                0.91749,             0.00080653,             0.00080653,             0.00080653
                    179,                0.36019,                0.34785,                0.82949,                0.91965,                0.98278,                 0.9875,                0.85166,                0.50163,                0.43986,                0.90195,             0.00080299,             0.00080299,             0.00080299
                    180,                0.38161,                0.35295,                0.83405,                0.94244,                0.98062,                 0.9925,                0.84268,                0.50637,                 0.4549,                0.90646,             0.00079945,             0.00079945,             0.00079945
                    181,                0.36467,                0.33471,                0.85145,                0.92056,                0.94959,                0.98577,                0.83091,                0.51388,                0.43285,                 0.9127,             0.00079592,             0.00079592,             0.00079592
                    182,                0.36208,                0.32934,                0.84168,                0.92073,                0.94553,                0.98577,                0.82584,                 0.5126,                0.42368,                 0.9144,             0.00079238,             0.00079238,             0.00079238
                    183,                0.38863,                0.35137,                0.85976,                0.91531,                0.94327,                0.98357,                0.83204,                0.51729,                0.42172,                0.91035,             0.00078884,             0.00078884,             0.00078884
                    184,                0.39238,                0.35342,                0.85839,                0.94691,                0.90134,                0.96347,                 0.8309,                0.53228,                0.41678,                0.91218,             0.00078531,             0.00078531,             0.00078531
                    185,                0.35518,                0.33643,                0.83376,                0.90215,                 0.9697,                0.96464,                0.83377,                 0.5355,                0.41733,                0.90901,             0.00078177,             0.00078177,             0.00078177
                    186,                  0.357,                0.33699,                0.83648,                0.97186,                0.86782,                0.95562,                0.83973,                0.51822,                0.41207,                0.90535,             0.00077823,             0.00077823,             0.00077823
                    187,                0.38381,                0.35527,                0.87897,                0.92842,                0.90909,                0.96204,                0.81462,                0.52287,                0.40995,                0.91717,              0.0007747,              0.0007747,              0.0007747
                    188,                0.36017,                0.35005,                 0.8354,                0.94115,                 0.9304,                0.95078,                0.83033,                0.54598,                0.40522,                0.94498,             0.00077116,             0.00077116,             0.00077116
                    189,                0.36984,                0.33486,                0.84027,                0.95348,                0.90909,                 0.9478,                0.83501,                0.54375,                0.40244,                0.94913,             0.00076762,             0.00076762,             0.00076762
                    190,                0.38521,                0.35322,                0.85878,                0.95876,                0.91491,                0.95016,                0.85466,                0.52409,                  0.401,                0.93357,             0.00076409,             0.00076409,             0.00076409
                    191,                0.35382,                0.33259,                0.82836,                0.97597,                0.90493,                0.95201,                 0.8624,                0.50872,                0.40504,                0.92275,             0.00076055,             0.00076055,             0.00076055
                    192,                0.35173,                0.33554,                0.84179,                0.97559,                0.89911,                 0.9514,                0.86011,                0.50997,                0.40166,                0.91691,             0.00075701,             0.00075701,             0.00075701
                    193,                0.37915,                0.33536,                0.83788,                0.94333,                 0.9281,                0.95482,                0.86424,                0.51257,                0.41158,                0.91051,             0.00075348,             0.00075348,             0.00075348
                    194,                0.35995,                0.31619,                0.83344,                0.96949,                0.91011,                0.95797,                0.87989,                0.48713,                 0.4084,                 0.8993,             0.00074994,             0.00074994,             0.00074994
                    195,                0.36186,                0.33103,                0.83907,                0.94814,                 0.9239,                0.95868,                0.87198,                 0.4816,                0.40282,                0.89397,              0.0007464,              0.0007464,              0.0007464
                    196,                0.36807,                0.33113,                0.84244,                0.98505,                0.88684,                0.96368,                0.86119,                0.49783,                0.41978,                0.90242,             0.00074287,             0.00074287,             0.00074287
                    197,                0.36502,                0.34049,                0.83242,                 0.9836,                0.88619,                0.96305,                0.87007,                0.50975,                0.43656,                0.90737,             0.00073933,             0.00073933,             0.00073933
                    198,                 0.3585,                0.32077,                0.84727,                0.98625,                0.88796,                0.96633,                0.87894,                0.47927,                0.40444,                0.89159,             0.00073579,             0.00073579,             0.00073579
                    199,                0.35272,                0.31896,                0.83747,                0.98012,                0.89163,                0.96239,                0.88432,                0.46384,                0.38471,                0.88413,             0.00073226,             0.00073226,             0.00073226
                    200,                0.37316,                0.33966,                0.84605,                0.97385,                0.89768,                0.96404,                 0.8736,                0.46767,                0.37769,                0.88322,             0.00072872,             0.00072872,             0.00072872
                    201,                0.35508,                0.32065,                0.83833,                0.99543,                0.93225,                0.98788,                 0.8707,                0.47008,                0.38731,                0.88364,             0.00072518,             0.00072518,             0.00072518
                    202,                0.33675,                 0.3115,                0.83254,                0.99458,                0.93097,                0.98788,                 0.8805,                0.46185,                 0.3793,                   0.88,             0.00072164,             0.00072164,             0.00072164
                    203,                0.33744,                0.32975,                0.83475,                0.97501,                0.87879,                0.97927,                0.90338,                0.43643,                0.36314,                0.87438,             0.00071811,             0.00071811,             0.00071811
                    204,                0.33914,                0.31302,                0.83733,                0.96785,                0.90144,                0.98123,                0.90473,                0.41752,                0.35794,                0.86902,             0.00071457,             0.00071457,             0.00071457
                    205,                0.37201,                0.33905,                0.84043,                0.87579,                0.99497,                0.98357,                0.90643,                0.42602,                  0.377,                0.87002,             0.00071103,             0.00071103,             0.00071103
                    206,                0.34807,                0.31697,                0.84229,                0.96351,                 0.9697,                0.98357,                0.89558,                0.43944,                0.38706,                0.87287,              0.0007075,              0.0007075,              0.0007075
                    207,                0.34614,                0.32262,                0.83147,                0.96267,                 0.9697,                0.99038,                0.90236,                0.42853,                0.37413,                0.86948,             0.00070396,             0.00070396,             0.00070396
                    208,                 0.3497,                0.32012,                0.84074,                0.97486,                 0.9697,                 0.9925,                0.91605,                0.41114,                0.34974,                0.86424,             0.00070042,             0.00070042,             0.00070042
                    209,                0.36628,                0.33661,                0.83713,                0.97546,                0.95434,                0.99038,                 0.9101,                0.41266,                0.32219,                0.86107,             0.00069689,             0.00069689,             0.00069689
                    210,                0.33529,                0.31982,                0.82305,                0.96781,                 0.9697,                 0.9925,                0.89321,                 0.4367,                0.34106,                0.86525,             0.00069335,             0.00069335,             0.00069335
                    211,                0.37721,                0.32495,                0.85065,                0.96432,                 0.9853,                  0.995,                0.89536,                0.45194,                0.34363,                0.86922,             0.00068981,             0.00068981,             0.00068981
                    212,                 0.3822,                0.32911,                 0.8394,                 0.9812,                0.95933,                0.99038,                0.89737,                0.43427,                0.33456,                0.86434,             0.00068628,             0.00068628,             0.00068628
                    213,                0.35848,                0.33269,                0.86324,                0.98975,                 0.9477,                 0.9925,                0.89614,                 0.4208,                0.33384,                0.86624,             0.00068274,             0.00068274,             0.00068274
                    214,                0.33868,                0.31812,                0.82573,                0.98484,                0.93939,                0.98766,                0.89017,                 0.4177,                0.32779,                0.86997,              0.0006792,              0.0006792,              0.0006792
                    215,                0.34625,                0.32087,                0.83035,                0.98644,                0.93939,                0.98766,                0.89593,                0.42364,                0.33854,                 0.8732,             0.00067567,             0.00067567,             0.00067567
                    216,                0.33586,                0.31352,                0.84336,                0.98517,                 0.9666,                0.99038,                0.87963,                0.44113,                0.34012,                 0.8809,             0.00067213,             0.00067213,             0.00067213
                    217,                 0.3237,                0.31081,                0.82121,                0.98544,                 0.9673,                 0.9925,                0.88349,                0.44662,                0.33121,                0.88717,             0.00066859,             0.00066859,             0.00066859
                    218,                0.36677,                0.32725,                0.85828,                0.98384,                0.96372,                0.99038,                0.89417,                0.44584,                0.32942,                0.88999,             0.00066506,             0.00066506,             0.00066506
                    219,                0.33514,                0.31313,                  0.826,                0.97072,                0.96253,                 0.9925,                0.91031,                0.44703,                 0.3445,                0.89177,             0.00066152,             0.00066152,             0.00066152
                    220,                0.33716,                0.30851,                0.82542,                0.96591,                0.96388,                 0.9925,                0.90253,                0.46266,                0.34956,                0.89489,             0.00065798,             0.00065798,             0.00065798
                    221,                0.35566,                0.32144,                0.85002,                0.94265,                0.99553,                  0.995,                0.89695,                0.46737,                0.34356,                0.89326,             0.00065445,             0.00065445,             0.00065445
                    222,                0.33399,                0.31385,                 0.8342,                0.96881,                 0.9736,                  0.995,                0.90092,                0.46892,                0.32661,                0.89186,             0.00065091,             0.00065091,             0.00065091
                    223,                0.35233,                0.31726,                0.83695,                0.97628,                0.97855,                  0.995,                0.90255,                 0.4702,                 0.3204,                0.89228,             0.00064737,             0.00064737,             0.00064737
                    224,                0.34717,                0.31642,                0.81651,                0.97993,                0.97532,                  0.995,                0.89728,                0.47688,                0.32465,                0.89322,             0.00064384,             0.00064384,             0.00064384
                    225,                0.35001,                0.31021,                0.83073,                0.98229,                0.97526,                  0.995,                0.88593,                0.48692,                0.31851,                 0.8927,              0.0006403,              0.0006403,              0.0006403
                    226,                0.36787,                0.32824,                0.84455,                0.98187,                0.97734,                  0.995,                0.89036,                  0.493,                0.31696,                0.89248,             0.00063676,             0.00063676,             0.00063676
                    227,                0.33478,                0.30039,                0.83517,                0.98799,                0.96466,                 0.9925,                 0.8948,                 0.4928,                0.31403,                0.89356,             0.00063323,             0.00063323,             0.00063323
                    228,                0.33144,                 0.3077,                0.82453,                 0.9905,                0.96482,                 0.9925,                0.87866,                0.49887,                0.32352,                0.89884,             0.00062969,             0.00062969,             0.00062969
                    229,                0.33422,                0.30609,                0.83258,                 0.9902,                0.96485,                 0.9925,                0.87188,                0.49415,                0.32772,                0.89831,             0.00062615,             0.00062615,             0.00062615
                    230,                0.34883,                0.31349,                0.84889,                 0.9875,                0.96514,                 0.9925,                0.87531,                0.48947,                0.31802,                0.89341,             0.00062262,             0.00062262,             0.00062262
                    231,                0.33647,                0.30784,                0.83959,                0.97408,                      1,                  0.995,                0.89307,                0.47644,                0.30865,                0.88743,             0.00061908,             0.00061908,             0.00061908
                    232,                0.32401,                0.29644,                0.82897,                0.97303,                      1,                  0.995,                0.89853,                0.46026,                0.30942,                0.88414,             0.00061554,             0.00061554,             0.00061554
                    233,                 0.2981,                0.29778,                 0.8188,                0.98739,                0.96382,                 0.9925,                0.89085,                0.46301,                0.30938,                0.88434,               0.000612,               0.000612,               0.000612
                    234,                0.34498,                0.31451,                0.85539,                0.98792,                0.99911,                  0.995,                 0.8912,                0.46654,                 0.3021,                 0.8796,             0.00060847,             0.00060847,             0.00060847
                    235,                0.32527,                0.30354,                0.82804,                0.95682,                      1,                 0.9925,                0.88843,                0.45716,                0.30324,                0.87443,             0.00060493,             0.00060493,             0.00060493
                    236,                0.34024,                0.31663,                0.84006,                0.95427,                0.99664,                 0.9925,                0.89246,                0.46686,                0.30319,                0.88368,             0.00060139,             0.00060139,             0.00060139
                    237,                  0.354,                0.31435,                 0.8405,                0.99016,                      1,                  0.995,                0.89932,                0.46382,                0.29781,                0.89078,             0.00059786,             0.00059786,             0.00059786
                    238,                0.36158,                0.32015,                0.84001,                0.99182,                      1,                  0.995,                0.90022,                0.45891,                 0.2971,                0.89306,             0.00059432,             0.00059432,             0.00059432
                    239,                0.30583,                0.29757,                0.82752,                0.95967,                 0.9697,                0.96586,                0.89563,                0.45253,                 0.2973,                0.89335,             0.00059078,             0.00059078,             0.00059078
                    240,                0.30415,                0.28948,                 0.8124,                0.95878,                 0.9697,                0.97964,                0.90235,                0.47456,                0.30578,                0.89909,             0.00058725,             0.00058725,             0.00058725
                    241,                0.31884,                0.30946,                0.82088,                0.95605,                0.96979,                   0.99,                0.89671,                 0.4747,                0.30384,                0.89718,             0.00058371,             0.00058371,             0.00058371
